name,part.number,part.kind,part.description,location.name,location.image.name
11AB,781-21-21,Seat,,11AB,TOE-TOG_Y1.png
12AB,781-21-01,Seat,,12AB,TOE-TOG_Y1.png
13AB,781-21-01,Seat,,13AB,TOE-TOG_Y1.png
14AB,781-21-01,Seat,,14AB,TOE-TOG_Y1.png
15AB,781-21-01,Seat,,15AB,TOE-TOG_Y1.png
16AB,781-21-01,Seat,,16AB,TOE-TOG_Y1.png
17AB,781-21-01,Seat,,17AB,TOE-TOG_Y1.png
18AB,781-21-01,Seat,,18AB,TOE-TOG_Y1.png
19AB,781-21-01,Seat,,19AB,TOE-TOG_Y1.png
20AB,781-21-01,Seat,,20AB,TOE-TOG_Y1.png
21AB,781-21-01,Seat,,21AB,TOE-TOG_Y1.png
22AB,781-21-01,Seat,,22AB,TOE-TOG_Y1.png
23AB,781-21-01,Seat,,23AB,TOE-TOG_Y1.png
24AB,781-21-01,Seat,,24AB,TOE-TOG_Y1.png
25AB,781-21-01,Seat,,25AB,TOE-TOG_Y1.png
26AB,781-21-09,Seat,,26AB,TOE-TOG_Y1.png
11DE,781-21-51,Seat,,11DE,TOE-TOG_Y1.png
12DE,781-21-41,Seat,,12DE,TOE-TOG_Y1.png
13DE,781-21-41,Seat,,13DE,TOE-TOG_Y1.png
14DE,781-21-41,Seat,,14DE,TOE-TOG_Y1.png
15DE,781-21-41,Seat,,15DE,TOE-TOG_Y1.png
16DE,781-21-41,Seat,,16DE,TOE-TOG_Y1.png
17DE,781-21-41,Seat,,17DE,TOE-TOG_Y1.png
18DE,781-21-41,Seat,,18DE,TOE-TOG_Y1.png
19DE,781-21-41,Seat,,19DE,TOE-TOG_Y1.png
20DE,781-21-41,Seat,,20DE,TOE-TOG_Y1.png
21DE,781-21-41,Seat,,21DE,TOE-TOG_Y1.png
22DE,781-21-41,Seat,,22DE,TOE-TOG_Y1.png
23DE,781-21-41,Seat,,23DE,TOE-TOG_Y1.png
24DE,781-21-41,Seat,,24DE,TOE-TOG_Y1.png
25DE,781-21-42,Seat,,25DE,TOE-TOG_Y1.png
11FG,781-22-51,Seat,,11FG,TOE-TOG_Y1.png
12FG,781-22-41,Seat,,12FG,TOE-TOG_Y1.png
13FG,781-22-41,Seat,,13FG,TOE-TOG_Y1.png
14FG,781-22-41,Seat,,14FG,TOE-TOG_Y1.png
15FG,781-22-41,Seat,,15FG,TOE-TOG_Y1.png
16FG,781-22-41,Seat,,16FG,TOE-TOG_Y1.png
17FG,781-22-41,Seat,,17FG,TOE-TOG_Y1.png
18FG,781-22-41,Seat,,18FG,TOE-TOG_Y1.png
19FG,781-22-41,Seat,,19FG,TOE-TOG_Y1.png
20FG,781-22-41,Seat,,20FG,TOE-TOG_Y1.png
21FG,781-22-41,Seat,,21FG,TOE-TOG_Y1.png
22FG,781-22-41,Seat,,22FG,TOE-TOG_Y1.png
23FG,781-22-41,Seat,,23FG,TOE-TOG_Y1.png
24FG,781-22-41,Seat,,24FG,TOE-TOG_Y1.png
25FG,781-22-42,Seat,,25FG,TOE-TOG_Y1.png
11HJ,781-22-21,Seat,,11HJ,TOE-TOG_Y1.png
12HJ,781-22-01,Seat,,12HJ,TOE-TOG_Y1.png
13HJ,781-22-01,Seat,,13HJ,TOE-TOG_Y1.png
14HJ,781-22-01,Seat,,14HJ,TOE-TOG_Y1.png
15HJ,781-22-01,Seat,,15HJ,TOE-TOG_Y1.png
16HJ,781-22-01,Seat,,16HJ,TOE-TOG_Y1.png
17HJ,781-22-01,Seat,,17HJ,TOE-TOG_Y1.png
18HJ,781-22-01,Seat,,18HJ,TOE-TOG_Y1.png
19HJ,781-22-01,Seat,,19HJ,TOE-TOG_Y1.png
20HJ,781-22-01,Seat,,20HJ,TOE-TOG_Y1.png
21HJ,781-22-01,Seat,,21HJ,TOE-TOG_Y1.png
22HJ,781-22-01,Seat,,22HJ,TOE-TOG_Y1.png
23HJ,781-22-01,Seat,,23HJ,TOE-TOG_Y1.png
24HJ,781-22-01,Seat,,24HJ,TOE-TOG_Y1.png
25HJ,781-22-11,Seat,,25HJ,TOE-TOG_Y1.png
26HJ,781-22-12,Seat,,26HJ,TOE-TOG_Y1.png
L61,F2549006603000,Lavatory,,L61,TOE-TOG_Y1.png
L62,F2549007603000,Lavatory,,L62,TOE-TOG_Y1.png
Y1/CCarpet,Generic,Carpet,,,
DP,Generic,Panel,,,
SP,Generic,Sidewall,,,
LABEL,Generic,Label,,,
